state,slope_deg,rainfall_24h_mm,rainfall_72h_mm,elevation_m,soil_moisture_pct,pore_pressure_kpa,insar_deformation_mm_yr,lithology_factor,vibration_g,risk_score,risk_class,risk_tier
Sikkim,50.7,101.5,304.8,2002.0,45.4,10.4,25.4,2.26,0.171,52.2,1,MODERATE
Arunachal Pradesh,32.0,81.4,166.1,1774.0,34.5,5.5,37.4,1.76,0.109,35.0,0,LOW
Arunachal Pradesh,28.0,240.7,544.7,1600.0,66.3,32.9,28.9,1.71,0.172,58.4,1,MODERATE
Arunachal Pradesh,35.1,50.7,160.2,566.0,35.8,7.8,53.2,1.8,0.099,47.7,1,MODERATE
Arunachal Pradesh,31.9,222.2,389.8,1549.0,63.1,26.7,43.5,1.83,0.189,69.1,1,MODERATE
Arunachal Pradesh,35.7,156.9,347.2,1270.0,53.8,13.9,12.5,2.02,0.148,48.4,1,MODERATE
Sikkim,51.2,305.7,803.9,1333.0,72.3,35.8,66.0,2.33,0.246,83.9,2,HIGH
Meghalaya,40.5,357.9,988.7,455.0,88.1,59.1,42.8,2.2,0.188,85.4,2,HIGH
Meghalaya,22.1,494.8,1071.4,1204.0,98.0,68.7,26.8,2.08,0.243,92.3,2,HIGH
Arunachal Pradesh,45.6,122.9,232.2,855.0,50.9,16.3,22.2,1.75,0.189,48.1,1,MODERATE
Meghalaya,23.0,246.4,697.3,309.0,56.9,22.8,12.2,2.05,0.169,48.8,1,MODERATE
Arunachal Pradesh,32.2,218.7,444.4,962.0,64.0,24.9,42.8,1.76,0.172,60.0,1,MODERATE
Sikkim,37.2,384.2,686.9,2081.0,87.1,57.7,20.4,2.49,0.269,91.6,2,HIGH
Sikkim,51.2,341.4,595.5,2452.0,74.8,42.2,33.7,2.52,0.247,80.7,2,HIGH
Meghalaya,39.2,225.0,629.6,743.0,62.8,28.6,32.4,2.33,0.22,72.3,2,HIGH
Arunachal Pradesh,57.9,367.4,873.3,766.0,87.4,52.5,66.0,1.86,0.304,99.0,2,HIGH
Meghalaya,38.2,22.7,85.3,1199.0,29.0,6.9,34.8,2.09,0.146,36.6,0,LOW
Sikkim,48.7,150.1,369.9,2345.0,54.2,15.0,58.9,2.39,0.189,69.0,1,MODERATE
Meghalaya,32.6,325.8,704.3,1239.0,72.1,38.0,45.3,2.38,0.206,76.5,2,HIGH
Meghalaya,48.4,195.3,474.6,1574.0,57.7,21.0,19.3,2.19,0.179,52.8,1,MODERATE
Arunachal Pradesh,48.0,223.1,395.7,3170.0,60.7,21.6,51.5,2.0,0.236,72.5,2,HIGH
Sikkim,37.6,345.7,946.6,2844.0,84.3,63.0,49.5,2.46,0.248,86.8,2,HIGH
Sikkim,38.8,176.5,320.8,1265.0,63.5,22.0,22.9,2.44,0.166,60.6,1,MODERATE
Meghalaya,33.3,428.1,782.3,411.0,89.0,56.1,26.9,2.25,0.205,93.5,2,HIGH
Sikkim,41.3,320.2,583.6,1346.0,81.1,45.3,27.9,2.38,0.224,74.3,2,HIGH
Meghalaya,38.1,168.4,522.4,1021.0,51.0,22.6,13.4,2.14,0.167,56.3,1,MODERATE
Arunachal Pradesh,50.2,309.5,625.9,2149.0,72.1,38.1,22.9,1.9,0.287,73.5,2,HIGH
Sikkim,54.6,368.2,909.6,2419.0,80.0,46.5,65.9,2.45,0.289,98.4,2,HIGH
Sikkim,35.1,57.1,99.2,1370.0,35.8,8.5,24.6,2.54,0.114,40.2,1,MODERATE
Meghalaya,27.2,516.4,790.6,1558.0,89.8,63.4,28.2,2.23,0.248,87.4,2,HIGH
Sikkim,54.2,364.8,792.3,2558.0,87.2,55.6,41.3,2.36,0.272,95.4,2,HIGH
Sikkim,42.8,62.5,147.7,2197.0,37.7,9.5,56.4,2.59,0.154,60.3,1,MODERATE
Sikkim,33.0,85.8,264.8,1382.0,44.4,11.0,11.8,2.53,0.122,41.8,1,MODERATE
Meghalaya,23.2,328.1,927.4,608.0,80.7,49.3,18.1,2.28,0.14,63.5,1,MODERATE
Sikkim,41.0,383.5,641.1,1220.0,79.1,44.6,20.7,2.46,0.261,83.2,2,HIGH
Arunachal Pradesh,38.2,189.4,334.1,1509.0,48.3,16.9,7.3,2.07,0.175,49.2,1,MODERATE
Sikkim,55.2,234.0,592.5,2018.0,69.4,39.1,60.5,2.31,0.28,77.9,2,HIGH
Arunachal Pradesh,31.2,184.2,400.0,433.0,57.6,27.9,21.4,2.03,0.141,52.7,1,MODERATE
Arunachal Pradesh,27.5,358.3,761.3,2958.0,75.9,41.5,26.8,2.01,0.215,68.3,1,MODERATE
Sikkim,45.4,178.5,561.4,2709.0,48.3,12.4,28.0,2.55,0.193,58.4,1,MODERATE
Meghalaya,40.4,421.3,839.5,567.0,85.5,50.4,27.9,2.3,0.261,89.7,2,HIGH
Sikkim,43.5,362.4,836.5,2778.0,78.3,43.0,24.3,2.45,0.23,80.0,2,HIGH
Arunachal Pradesh,45.4,372.9,894.0,1864.0,85.4,51.7,44.9,2.06,0.262,92.4,2,HIGH
Meghalaya,20.1,511.1,1095.7,897.0,98.0,72.9,17.1,2.25,0.238,85.5,2,HIGH
Sikkim,45.2,186.1,465.0,2454.0,61.4,25.0,52.4,2.44,0.207,66.4,1,MODERATE
Arunachal Pradesh,34.2,79.6,139.8,1582.0,38.6,5.7,31.7,1.98,0.118,42.0,1,MODERATE
Arunachal Pradesh,30.2,152.7,285.1,454.0,51.8,17.7,33.4,2.07,0.162,47.2,1,MODERATE
Arunachal Pradesh,40.3,287.8,445.4,2340.0,68.5,35.5,39.6,1.88,0.184,69.4,1,MODERATE
Meghalaya,40.8,116.6,324.2,416.0,41.4,11.4,17.8,2.19,0.188,41.5,1,MODERATE
Arunachal Pradesh,27.9,211.0,531.0,1495.0,59.6,22.0,24.2,1.96,0.122,54.5,1,MODERATE
Meghalaya,26.6,514.9,752.0,775.0,98.0,71.6,6.0,2.32,0.262,95.0,2,HIGH
Sikkim,51.2,130.6,270.9,2873.0,56.6,26.3,22.6,2.51,0.18,54.9,1,MODERATE
Sikkim,35.2,317.1,738.7,2582.0,76.0,38.4,56.5,2.33,0.179,81.7,2,HIGH
Arunachal Pradesh,43.1,215.4,420.2,464.0,59.7,21.0,52.4,1.74,0.209,66.8,1,MODERATE
Arunachal Pradesh,29.1,281.8,787.3,399.0,74.8,44.3,49.6,1.76,0.175,69.9,1,MODERATE
Arunachal Pradesh,52.2,83.0,198.0,2924.0,45.4,8.1,41.2,1.88,0.189,53.8,1,MODERATE
Meghalaya,25.5,416.2,901.9,1469.0,92.6,56.7,43.7,2.25,0.193,85.7,2,HIGH
Sikkim,52.8,223.2,594.3,2996.0,66.8,33.9,55.3,2.28,0.225,82.2,2,HIGH
Arunachal Pradesh,36.3,314.8,558.7,582.0,78.2,42.3,12.9,1.79,0.235,67.9,1,MODERATE
Sikkim,45.6,250.5,653.9,2688.0,66.9,32.0,30.3,2.32,0.233,69.1,1,MODERATE
Arunachal Pradesh,28.3,108.4,313.6,507.0,44.2,16.4,8.7,1.73,0.114,33.9,0,LOW
Arunachal Pradesh,52.6,136.2,276.0,2024.0,54.7,17.8,15.9,2.02,0.179,54.1,1,MODERATE
Meghalaya,45.2,509.2,1088.5,1494.0,98.0,72.0,52.2,2.23,0.324,99.0,2,HIGH
Arunachal Pradesh,25.4,257.2,501.4,646.0,62.6,26.3,57.8,1.9,0.156,63.8,1,MODERATE
Sikkim,41.1,341.9,688.7,2325.0,82.3,47.7,47.4,2.49,0.285,90.2,2,HIGH
Meghalaya,29.0,316.6,534.8,1420.0,72.2,38.3,14.5,2.26,0.191,62.8,1,MODERATE
Arunachal Pradesh,53.6,163.9,383.9,788.0,64.1,28.6,23.0,1.93,0.212,63.6,1,MODERATE
Arunachal Pradesh,51.6,375.9,910.1,3088.0,78.2,41.0,22.8,1.99,0.281,82.0,2,HIGH
Arunachal Pradesh,54.5,313.4,616.8,1339.0,67.5,33.4,48.4,1.92,0.226,76.8,2,HIGH
Arunachal Pradesh,50.2,66.1,217.1,2884.0,39.2,13.6,6.2,1.81,0.211,43.5,1,MODERATE
Sikkim,35.7,281.6,579.7,2821.0,74.1,42.2,50.8,2.41,0.203,79.4,2,HIGH
Arunachal Pradesh,43.3,252.8,672.0,233.0,68.9,36.0,50.5,1.77,0.209,73.0,2,HIGH
Arunachal Pradesh,42.1,32.1,114.1,448.0,29.5,6.9,25.6,1.82,0.163,34.7,0,LOW
Sikkim,45.9,400.2,859.4,1443.0,79.9,45.4,43.2,2.54,0.276,84.0,2,HIGH
Arunachal Pradesh,28.5,42.4,147.3,2265.0,30.6,5.0,48.4,2.02,0.084,42.6,1,MODERATE
Arunachal Pradesh,28.4,129.8,405.9,2570.0,51.2,23.1,9.6,2.08,0.148,46.4,1,MODERATE
Meghalaya,38.1,386.9,1029.1,936.0,89.7,59.7,10.3,2.23,0.222,95.1,2,HIGH
Arunachal Pradesh,38.9,305.3,759.7,1565.0,83.7,51.8,39.5,1.85,0.202,83.4,2,HIGH
Sikkim,48.1,162.6,407.1,1768.0,59.8,24.8,37.7,2.55,0.167,65.9,1,MODERATE
Sikkim,42.0,416.2,605.8,1891.0,95.3,65.5,32.3,2.24,0.27,92.8,2,HIGH
Meghalaya,18.9,207.9,405.5,604.0,58.8,24.0,19.7,2.27,0.156,48.0,1,MODERATE
Arunachal Pradesh,44.8,344.9,1022.4,395.0,87.8,55.4,33.0,1.75,0.244,76.5,2,HIGH
Meghalaya,21.5,433.2,832.8,1560.0,95.8,66.6,34.0,2.06,0.207,86.7,2,HIGH
Sikkim,30.9,379.0,1029.1,1904.0,86.4,49.1,10.3,2.54,0.222,95.2,2,HIGH
Sikkim,32.3,189.3,392.0,2502.0,53.3,18.8,19.4,2.47,0.094,48.5,1,MODERATE
Meghalaya,46.7,322.8,799.2,1424.0,78.1,48.8,50.1,2.06,0.235,78.0,2,HIGH
Meghalaya,39.4,380.5,924.9,506.0,84.2,48.9,36.2,2.06,0.254,81.4,2,HIGH
Meghalaya,24.1,122.4,218.6,1028.0,45.6,10.7,2.4,2.33,0.113,34.0,0,LOW
Sikkim,44.1,405.6,816.2,2878.0,85.1,53.1,37.9,2.23,0.229,91.5,2,HIGH
Sikkim,52.2,416.2,1017.7,2366.0,84.2,55.6,27.1,2.35,0.278,90.4,2,HIGH
Sikkim,41.6,136.7,422.1,2012.0,53.1,17.1,51.9,2.23,0.192,64.2,1,MODERATE
Sikkim,52.6,405.7,646.9,2837.0,83.0,54.4,33.4,2.49,0.271,91.6,2,HIGH
Meghalaya,37.8,215.3,605.1,1559.0,63.8,27.3,37.7,2.31,0.195,65.4,1,MODERATE
Sikkim,50.7,144.7,465.1,1534.0,59.4,28.4,33.1,2.29,0.204,58.2,1,MODERATE
Meghalaya,24.4,442.7,854.0,315.0,90.8,58.6,24.1,2.24,0.249,94.3,2,HIGH
Arunachal Pradesh,55.0,279.4,704.3,508.0,70.0,34.4,38.3,1.84,0.252,71.5,2,HIGH
Meghalaya,27.3,37.6,94.6,473.0,42.7,13.5,38.8,2.08,0.129,43.2,1,MODERATE
Arunachal Pradesh,44.6,240.1,573.0,3006.0,65.6,31.2,59.5,1.89,0.225,78.9,2,HIGH
Arunachal Pradesh,52.0,180.1,461.3,2395.0,54.1,18.0,59.1,2.09,0.189,66.0,1,MODERATE
Sikkim,41.3,47.0,87.9,2376.0,38.5,5.0,33.7,2.23,0.111,42.0,1,MODERATE
Arunachal Pradesh,26.0,109.1,294.1,2382.0,44.5,17.3,23.3,1.85,0.126,43.3,1,MODERATE
Arunachal Pradesh,48.9,192.6,578.3,1465.0,62.5,21.9,61.1,1.95,0.234,72.3,2,HIGH
Sikkim,50.2,188.1,476.0,1871.0,47.4,15.6,22.3,2.24,0.24,52.5,1,MODERATE
Sikkim,39.3,261.3,462.9,2945.0,68.9,29.3,24.9,2.51,0.174,64.7,1,MODERATE
Sikkim,41.5,159.0,379.5,1462.0,61.9,22.4,57.3,2.3,0.151,59.2,1,MODERATE
Sikkim,49.1,288.9,665.5,2650.0,75.9,41.6,25.2,2.31,0.24,71.3,2,HIGH
Arunachal Pradesh,26.3,59.6,196.5,1148.0,37.1,8.5,12.9,2.09,0.108,34.2,0,LOW
Meghalaya,35.3,154.7,363.6,992.0,49.5,17.5,10.7,2.29,0.151,44.8,1,MODERATE
Sikkim,34.6,300.1,848.5,2430.0,85.4,52.8,53.2,2.43,0.229,83.8,2,HIGH
Sikkim,54.5,352.5,873.0,1827.0,83.2,46.8,40.8,2.6,0.267,88.8,2,HIGH
Sikkim,49.2,372.6,765.4,2402.0,84.9,54.4,60.1,2.53,0.27,89.7,2,HIGH
Meghalaya,26.5,354.0,847.3,795.0,90.5,63.5,27.1,2.18,0.205,86.0,2,HIGH
Arunachal Pradesh,45.4,184.2,426.2,1757.0,54.8,19.9,33.0,1.86,0.215,66.6,1,MODERATE
Sikkim,40.3,244.3,657.5,2138.0,65.6,33.5,60.6,2.58,0.178,80.0,2,HIGH
Meghalaya,31.8,123.1,254.2,980.0,49.4,16.5,26.5,2.23,0.146,45.2,1,MODERATE
Arunachal Pradesh,34.0,165.9,283.3,2243.0,52.9,14.5,42.6,1.74,0.128,53.6,1,MODERATE
Arunachal Pradesh,51.6,215.8,369.6,3054.0,64.1,29.4,51.9,1.79,0.231,65.5,1,MODERATE
Arunachal Pradesh,36.9,345.7,905.5,967.0,85.9,50.9,50.1,1.97,0.239,82.4,2,HIGH
Arunachal Pradesh,39.9,229.1,436.2,2788.0,61.0,24.9,6.3,1.96,0.215,61.9,1,MODERATE
Arunachal Pradesh,33.5,245.7,384.0,1024.0,69.5,36.4,28.5,1.88,0.206,59.0,1,MODERATE
Arunachal Pradesh,36.1,345.5,886.0,2136.0,74.8,44.3,24.4,1.84,0.205,76.5,2,HIGH
Arunachal Pradesh,47.1,40.5,122.0,1978.0,31.9,8.3,29.2,1.78,0.148,39.6,0,LOW
Arunachal Pradesh,43.4,281.7,592.0,1887.0,65.9,31.9,39.7,1.88,0.208,73.3,2,HIGH
Sikkim,54.1,121.5,258.7,2986.0,47.5,16.9,51.8,2.41,0.181,64.2,1,MODERATE
Sikkim,52.5,267.3,585.1,1314.0,67.0,29.9,35.7,2.34,0.242,68.0,1,MODERATE
Sikkim,40.3,204.4,504.1,2855.0,61.1,25.3,60.0,2.57,0.191,69.8,1,MODERATE
Sikkim,47.5,237.7,592.7,1582.0,62.8,29.9,16.2,2.29,0.22,65.2,1,MODERATE
Arunachal Pradesh,52.1,63.4,239.8,1661.0,46.1,15.3,14.3,1.9,0.15,43.9,1,MODERATE
Meghalaya,19.3,273.5,602.9,404.0,67.5,32.5,29.3,2.37,0.152,61.1,1,MODERATE
Sikkim,46.7,114.3,314.6,1474.0,44.5,12.5,59.7,2.22,0.163,58.3,1,MODERATE
Meghalaya,42.4,160.7,323.3,1103.0,47.4,16.4,12.7,2.09,0.189,45.8,1,MODERATE
Arunachal Pradesh,39.1,62.7,207.1,784.0,35.3,5.0,48.9,1.99,0.127,37.1,0,LOW
Arunachal Pradesh,51.1,227.5,558.6,2057.0,67.1,29.7,45.9,1.73,0.221,67.6,1,MODERATE
Meghalaya,34.2,260.8,690.3,935.0,67.3,28.7,35.9,2.19,0.165,58.5,1,MODERATE
Arunachal Pradesh,37.9,364.0,594.6,2176.0,78.2,42.5,54.3,1.8,0.248,81.4,2,HIGH
Sikkim,47.1,379.1,921.6,1320.0,80.8,47.1,58.0,2.47,0.257,91.0,2,HIGH
Sikkim,30.3,403.0,1015.1,1734.0,94.4,64.0,42.4,2.27,0.254,87.2,2,HIGH
Arunachal Pradesh,27.7,202.9,604.0,884.0,60.5,24.5,55.9,1.89,0.151,61.7,1,MODERATE
Sikkim,55.5,264.7,648.9,2661.0,65.4,30.6,42.7,2.29,0.226,68.9,1,MODERATE
Arunachal Pradesh,45.2,359.2,642.5,792.0,80.4,48.8,35.8,2.04,0.27,77.3,2,HIGH
Meghalaya,49.2,416.5,931.1,370.0,94.3,63.5,26.4,2.29,0.288,86.6,2,HIGH
Arunachal Pradesh,32.0,199.6,575.8,1827.0,61.6,33.6,20.8,1.93,0.182,54.8,1,MODERATE
Sikkim,52.8,199.2,372.8,2661.0,59.7,25.1,22.5,2.28,0.225,66.1,1,MODERATE
Meghalaya,34.4,408.5,947.4,762.0,90.3,64.2,2.2,2.3,0.213,71.0,2,HIGH
Sikkim,51.9,213.4,467.5,1894.0,65.3,31.3,26.1,2.47,0.213,63.3,1,MODERATE
Meghalaya,35.6,274.9,646.6,1054.0,77.4,48.3,29.8,2.27,0.188,71.7,2,HIGH
Sikkim,43.0,60.1,122.4,2613.0,42.2,13.3,34.9,2.38,0.139,45.3,1,MODERATE
Sikkim,36.1,174.9,326.2,2580.0,50.5,19.9,17.0,2.46,0.142,51.5,1,MODERATE
Sikkim,40.7,357.5,742.7,2258.0,78.5,40.7,30.7,2.21,0.23,78.8,2,HIGH
Meghalaya,47.5,434.8,712.5,593.0,85.7,46.8,34.8,2.37,0.302,94.0,2,HIGH
Sikkim,42.9,200.4,548.7,1486.0,56.3,22.1,60.6,2.58,0.175,66.6,1,MODERATE
Sikkim,37.2,337.0,967.7,1972.0,79.7,47.6,16.1,2.54,0.228,70.8,2,HIGH
Sikkim,33.6,237.6,503.8,2820.0,64.0,29.6,56.7,2.22,0.152,65.5,1,MODERATE
Meghalaya,32.3,539.2,925.0,549.0,98.0,68.5,45.6,2.39,0.268,99.0,2,HIGH
Arunachal Pradesh,43.5,206.0,391.8,2368.0,59.2,22.6,33.8,1.73,0.176,48.6,1,MODERATE
Meghalaya,19.9,372.0,650.2,1421.0,87.2,54.7,15.4,2.31,0.188,95.7,2,HIGH
Sikkim,50.4,108.5,212.8,1794.0,45.6,18.2,18.7,2.55,0.176,47.6,1,MODERATE
Arunachal Pradesh,49.8,218.7,491.9,1231.0,58.4,18.4,57.1,1.88,0.201,68.1,1,MODERATE
Meghalaya,48.8,128.0,303.1,1331.0,56.1,24.3,38.7,2.16,0.186,62.2,1,MODERATE
Arunachal Pradesh,39.8,218.6,409.8,1289.0,70.4,35.2,6.8,1.85,0.208,57.5,1,MODERATE
Meghalaya,30.4,346.1,596.8,1345.0,79.1,44.8,21.2,2.39,0.234,75.6,2,HIGH
Arunachal Pradesh,57.3,254.5,460.6,479.0,62.8,23.2,66.0,1.82,0.254,80.6,2,HIGH
Meghalaya,27.5,281.9,755.1,526.0,75.7,42.3,6.6,2.1,0.175,54.7,1,MODERATE
Sikkim,35.0,269.4,591.8,2529.0,70.2,35.6,21.2,2.21,0.187,63.9,1,MODERATE
Sikkim,47.8,57.2,163.9,1609.0,36.7,10.6,41.4,2.48,0.12,51.4,1,MODERATE
Sikkim,31.8,327.6,709.1,2826.0,79.4,43.4,11.1,2.56,0.226,69.2,1,MODERATE
Sikkim,44.6,73.3,190.7,2756.0,32.2,8.8,58.8,2.24,0.145,53.0,1,MODERATE
Arunachal Pradesh,55.3,117.2,335.4,2932.0,50.9,18.8,6.0,2.09,0.179,54.1,1,MODERATE
Sikkim,43.8,277.7,588.9,1416.0,68.9,32.4,22.8,2.31,0.237,64.9,1,MODERATE
Meghalaya,16.7,498.5,1349.5,1071.0,98.0,71.2,38.6,2.01,0.229,88.3,2,HIGH
Meghalaya,36.0,80.9,197.6,1170.0,44.5,20.7,21.8,2.13,0.166,42.6,1,MODERATE
Meghalaya,26.9,107.4,252.3,879.0,47.9,18.5,33.1,2.05,0.138,42.2,1,MODERATE
Sikkim,47.0,400.7,960.0,2111.0,86.0,54.4,30.9,2.39,0.267,86.4,2,HIGH
Sikkim,41.6,215.0,526.4,2737.0,59.6,26.4,42.8,2.29,0.186,64.6,1,MODERATE
Meghalaya,28.9,66.2,167.7,749.0,44.1,12.4,24.7,2.28,0.1,34.5,0,LOW
Sikkim,40.7,384.0,973.9,1757.0,84.9,52.8,27.2,2.44,0.236,82.2,2,HIGH
Arunachal Pradesh,51.4,256.9,444.6,1849.0,64.1,30.8,36.8,1.87,0.261,74.4,2,HIGH
Sikkim,45.4,34.0,151.7,2303.0,37.5,10.6,14.3,2.56,0.146,39.7,0,LOW
Arunachal Pradesh,25.4,169.0,350.5,1932.0,46.0,15.8,43.6,1.96,0.149,52.8,1,MODERATE
Arunachal Pradesh,38.3,43.3,163.9,1971.0,35.0,5.0,28.9,1.93,0.123,39.6,0,LOW
Sikkim,45.1,174.8,451.1,2439.0,51.6,16.3,37.2,2.56,0.172,59.6,1,MODERATE
Meghalaya,33.1,220.8,348.2,1329.0,56.1,21.6,41.0,2.21,0.182,64.0,1,MODERATE
Arunachal Pradesh,40.0,266.2,469.1,283.0,68.5,32.7,25.4,1.72,0.207,61.1,1,MODERATE
Arunachal Pradesh,38.0,129.3,251.8,590.0,46.3,17.0,24.9,1.89,0.161,47.0,1,MODERATE
Meghalaya,49.4,172.9,511.9,801.0,58.8,17.2,21.3,2.22,0.214,59.9,1,MODERATE
Sikkim,39.3,352.5,865.7,2113.0,77.3,44.8,51.2,2.42,0.242,78.2,2,HIGH
Meghalaya,30.5,351.9,771.7,1592.0,81.5,50.5,28.2,2.25,0.205,68.3,1,MODERATE
Meghalaya,31.6,307.8,606.5,1482.0,74.0,44.0,42.0,2.05,0.194,71.5,2,HIGH
Meghalaya,38.8,267.4,465.1,1534.0,62.8,27.0,36.7,2.2,0.205,59.5,1,MODERATE
Sikkim,35.3,327.1,680.7,2086.0,80.4,47.1,59.0,2.36,0.228,83.6,2,HIGH
Sikkim,54.9,108.2,237.8,1990.0,47.8,6.0,40.6,2.57,0.193,58.3,1,MODERATE
Meghalaya,16.1,482.2,1085.2,1138.0,97.2,73.5,35.7,2.21,0.218,91.6,2,HIGH
Sikkim,33.7,323.8,858.1,2579.0,79.9,49.0,12.6,2.4,0.209,65.9,1,MODERATE
Arunachal Pradesh,25.8,126.7,329.1,1931.0,46.0,14.6,49.6,1.8,0.103,46.7,1,MODERATE
Arunachal Pradesh,38.3,122.8,241.5,2610.0,46.5,16.0,53.0,1.83,0.126,52.7,1,MODERATE
Meghalaya,22.7,37.8,103.5,1287.0,38.1,6.4,41.9,2.18,0.094,42.1,1,MODERATE
Arunachal Pradesh,33.0,275.6,769.5,1858.0,67.2,31.5,46.1,1.81,0.158,65.2,1,MODERATE
Arunachal Pradesh,52.2,278.4,533.8,508.0,70.9,33.3,55.6,2.06,0.224,87.1,2,HIGH
Arunachal Pradesh,33.1,285.4,543.1,1281.0,72.5,35.5,21.6,2.02,0.195,65.9,1,MODERATE
Meghalaya,28.2,516.3,1228.8,355.0,98.0,72.1,40.8,2.27,0.254,94.5,2,HIGH
Meghalaya,48.8,423.4,1215.4,687.0,95.6,67.1,37.3,2.14,0.283,93.9,2,HIGH
Sikkim,32.9,277.4,698.0,2746.0,71.9,32.3,29.6,2.49,0.213,65.5,1,MODERATE
Arunachal Pradesh,54.0,93.7,272.7,1086.0,45.9,10.8,44.1,1.83,0.163,60.5,1,MODERATE
Arunachal Pradesh,31.6,339.9,648.4,374.0,77.3,39.5,19.2,2.03,0.208,63.2,1,MODERATE
Meghalaya,40.8,195.0,549.1,1242.0,65.3,27.8,31.4,2.09,0.172,60.5,1,MODERATE
Sikkim,51.0,76.9,147.4,1728.0,41.1,15.2,26.1,2.35,0.176,50.9,1,MODERATE
Sikkim,47.6,243.3,675.7,1724.0,65.0,27.9,69.0,2.57,0.208,87.6,2,HIGH
Sikkim,47.5,257.1,743.0,2155.0,74.6,43.4,52.3,2.28,0.24,82.9,2,HIGH
Meghalaya,36.8,434.1,979.5,1354.0,87.3,60.3,33.0,2.1,0.269,87.5,2,HIGH
Meghalaya,46.2,395.1,607.8,310.0,79.2,51.2,25.6,2.21,0.267,75.7,2,HIGH
Meghalaya,48.7,349.1,1005.8,1011.0,82.8,45.6,44.0,2.19,0.264,86.2,2,HIGH
Meghalaya,49.3,440.4,1169.8,1549.0,96.2,69.8,24.6,2.24,0.294,95.8,2,HIGH
Sikkim,49.0,168.5,438.2,2915.0,54.7,21.1,67.5,2.32,0.194,64.7,1,MODERATE
Meghalaya,20.7,319.5,837.4,316.0,72.7,39.0,16.8,2.34,0.169,61.9,1,MODERATE
Meghalaya,23.6,233.5,629.3,1472.0,65.1,31.0,25.6,2.19,0.142,55.9,1,MODERATE
Arunachal Pradesh,55.3,362.1,834.5,2563.0,84.0,46.3,37.5,1.8,0.279,80.3,2,HIGH
Sikkim,49.5,119.2,346.8,2423.0,46.9,9.8,45.4,2.43,0.147,55.8,1,MODERATE
Sikkim,37.3,167.7,520.9,2807.0,61.9,24.9,32.8,2.4,0.177,53.6,1,MODERATE
Meghalaya,25.3,334.7,538.5,774.0,77.6,41.8,23.2,2.04,0.213,68.0,1,MODERATE
Arunachal Pradesh,52.2,203.2,429.5,1070.0,58.1,24.7,45.9,1.94,0.215,65.0,1,MODERATE
Meghalaya,49.1,139.8,286.6,600.0,54.6,22.2,41.0,2.17,0.168,55.9,1,MODERATE
Meghalaya,23.8,163.9,291.8,1599.0,46.9,12.8,37.1,2.22,0.127,44.6,1,MODERATE
Sikkim,44.2,306.6,565.8,2251.0,74.8,35.1,37.7,2.5,0.233,73.0,2,HIGH
Meghalaya,21.0,535.4,1107.1,534.0,98.0,74.6,3.4,2.02,0.244,85.0,2,HIGH
Meghalaya,45.0,391.6,996.2,1531.0,78.5,43.8,24.7,2.29,0.257,79.5,2,HIGH
Sikkim,30.3,304.4,880.4,1623.0,80.3,48.0,36.4,2.59,0.197,70.7,2,HIGH
Sikkim,42.5,76.2,269.3,2914.0,44.1,11.5,50.1,2.47,0.122,57.3,1,MODERATE
Arunachal Pradesh,47.2,305.8,589.1,1915.0,72.8,35.3,29.2,1.84,0.209,74.6,2,HIGH
Meghalaya,45.7,340.9,630.1,409.0,81.9,44.9,13.0,2.15,0.237,74.3,2,HIGH
Sikkim,40.9,322.9,527.3,1697.0,74.8,39.4,23.3,2.27,0.26,69.7,1,MODERATE
Arunachal Pradesh,44.2,89.6,205.9,2016.0,49.8,16.5,38.4,1.92,0.144,52.3,1,MODERATE
Sikkim,32.0,59.5,193.3,1366.0,46.1,17.7,41.7,2.31,0.136,42.6,1,MODERATE
Meghalaya,38.5,329.3,730.8,303.0,85.8,50.6,11.8,2.38,0.197,76.4,2,HIGH
Meghalaya,29.3,28.2,90.1,885.0,34.0,8.5,40.6,2.08,0.085,37.5,0,LOW
Sikkim,32.2,344.8,965.7,2123.0,83.5,45.8,42.9,2.48,0.227,74.2,2,HIGH
Meghalaya,45.7,411.5,611.4,579.0,80.8,44.4,15.8,2.29,0.304,83.6,2,HIGH
Arunachal Pradesh,37.3,136.6,397.2,1681.0,54.6,17.8,26.1,1.91,0.178,46.7,1,MODERATE
Meghalaya,47.2,329.8,739.0,779.0,78.6,46.3,49.1,2.25,0.265,79.5,2,HIGH
Arunachal Pradesh,41.5,210.3,401.8,1458.0,65.2,29.2,44.4,1.94,0.178,55.6,1,MODERATE
Sikkim,37.3,308.1,474.8,2863.0,71.2,32.5,48.9,2.58,0.233,79.6,2,HIGH
Sikkim,47.8,73.1,163.6,1650.0,52.3,21.7,26.6,2.34,0.174,53.8,1,MODERATE
Sikkim,35.6,345.6,918.7,1872.0,78.2,41.4,24.6,2.56,0.23,66.3,1,MODERATE
Meghalaya,38.7,464.1,1270.1,871.0,95.7,69.1,33.0,2.07,0.251,91.6,2,HIGH
Meghalaya,40.9,477.4,1089.1,686.0,90.6,62.0,35.6,2.35,0.288,91.0,2,HIGH
Arunachal Pradesh,42.1,236.8,427.0,1373.0,59.5,21.8,68.9,1.92,0.173,64.0,1,MODERATE
Sikkim,47.7,190.6,492.3,1790.0,67.3,35.5,26.4,2.48,0.218,65.3,1,MODERATE
Sikkim,33.7,299.9,543.9,2812.0,71.3,31.3,29.8,2.21,0.257,63.3,1,MODERATE
Meghalaya,22.8,398.8,1111.6,1206.0,89.6,63.8,42.2,2.08,0.202,90.4,2,HIGH
Meghalaya,21.4,473.1,1289.6,398.0,98.0,70.4,43.5,2.08,0.248,95.6,2,HIGH
Meghalaya,49.4,258.8,627.5,601.0,64.9,28.7,48.5,2.28,0.201,68.9,1,MODERATE
Sikkim,47.1,306.4,457.8,2391.0,69.8,34.0,64.9,2.42,0.268,85.0,2,HIGH
Meghalaya,27.3,379.1,944.2,569.0,82.7,53.8,32.5,2.14,0.193,73.0,2,HIGH
Sikkim,45.7,198.9,563.8,2175.0,57.2,25.1,43.8,2.35,0.176,66.8,1,MODERATE
Meghalaya,22.5,245.2,700.3,544.0,68.4,31.0,19.6,2.33,0.18,57.8,1,MODERATE
Arunachal Pradesh,47.8,111.4,356.9,1174.0,44.3,10.7,41.8,1.79,0.146,54.4,1,MODERATE
Sikkim,50.2,350.4,795.9,2616.0,83.4,52.8,23.7,2.39,0.251,75.7,2,HIGH
Sikkim,51.4,275.7,782.1,1972.0,72.3,32.5,57.0,2.47,0.245,80.0,2,HIGH
Meghalaya,35.2,55.6,165.2,725.0,41.6,12.7,41.5,2.4,0.106,45.5,1,MODERATE
Sikkim,39.4,335.7,767.9,2378.0,80.9,51.1,47.6,2.22,0.238,84.2,2,HIGH
Sikkim,54.4,191.8,413.9,1325.0,62.7,29.2,50.0,2.43,0.241,73.4,2,HIGH
Sikkim,54.2,163.3,374.2,2992.0,56.1,23.7,38.8,2.22,0.249,63.1,1,MODERATE
Sikkim,52.5,72.9,250.8,1298.0,42.5,11.6,11.6,2.42,0.19,49.7,1,MODERATE
Meghalaya,21.3,393.7,858.9,1389.0,88.3,61.0,34.2,2.34,0.185,88.8,2,HIGH
Meghalaya,35.5,461.9,1077.7,1263.0,97.8,68.8,34.3,2.03,0.266,91.4,2,HIGH
Sikkim,53.0,287.0,557.1,2795.0,72.4,34.5,38.3,2.6,0.254,79.2,2,HIGH
Sikkim,52.0,54.3,116.3,2956.0,39.1,10.4,56.8,2.23,0.155,55.2,1,MODERATE
Arunachal Pradesh,32.6,186.2,347.8,702.0,48.9,14.1,47.3,1.83,0.143,51.5,1,MODERATE
Arunachal Pradesh,33.5,144.7,353.5,832.0,49.7,17.1,23.2,2.05,0.114,46.3,1,MODERATE
Arunachal Pradesh,51.5,65.1,189.4,632.0,34.3,9.5,30.9,1.73,0.133,44.0,1,MODERATE
Meghalaya,40.0,169.4,346.8,751.0,54.7,20.0,32.6,2.08,0.207,57.3,1,MODERATE
Arunachal Pradesh,31.4,193.6,516.6,1650.0,57.4,25.2,50.6,1.86,0.153,51.3,1,MODERATE
Meghalaya,33.0,498.7,1386.9,963.0,98.0,76.9,42.0,2.16,0.251,96.7,2,HIGH
Meghalaya,24.8,135.9,292.9,671.0,44.9,13.6,19.2,2.32,0.113,41.4,1,MODERATE
Meghalaya,40.5,323.8,685.6,333.0,76.4,36.5,38.7,2.3,0.256,81.7,2,HIGH
Meghalaya,37.0,417.6,715.7,757.0,86.6,51.9,44.4,2.02,0.233,86.9,2,HIGH
Sikkim,45.3,32.5,139.8,2307.0,36.0,12.8,44.6,2.57,0.173,47.5,1,MODERATE
Arunachal Pradesh,30.6,26.1,77.9,1732.0,37.1,9.1,32.0,1.9,0.064,41.4,1,MODERATE
Arunachal Pradesh,57.9,305.5,775.3,1208.0,81.4,47.1,61.0,2.07,0.284,93.7,2,HIGH
Arunachal Pradesh,37.9,289.0,519.5,911.0,72.3,42.3,54.2,1.85,0.213,78.0,2,HIGH
Meghalaya,24.9,241.8,470.9,682.0,64.1,27.0,29.5,2.26,0.151,53.8,1,MODERATE
Arunachal Pradesh,56.3,338.0,852.3,1045.0,83.9,54.1,55.9,1.82,0.261,87.3,2,HIGH
Sikkim,52.1,64.7,228.3,2973.0,40.2,12.2,18.3,2.27,0.188,44.0,1,MODERATE
Sikkim,33.9,407.5,870.6,1644.0,96.2,67.7,47.1,2.5,0.258,93.8,2,HIGH
Arunachal Pradesh,56.1,301.2,687.3,948.0,76.4,42.8,38.8,1.82,0.248,77.1,2,HIGH
Arunachal Pradesh,31.3,82.4,194.9,2693.0,43.4,10.2,33.2,1.82,0.087,40.5,1,MODERATE
Sikkim,41.3,94.1,195.4,2824.0,48.3,12.6,42.3,2.57,0.16,58.8,1,MODERATE
Sikkim,48.2,190.2,491.6,1349.0,61.6,23.6,19.1,2.34,0.207,57.3,1,MODERATE
Meghalaya,17.4,335.3,828.5,1156.0,75.5,40.6,9.9,2.23,0.182,58.5,1,MODERATE
Arunachal Pradesh,39.0,304.7,504.8,920.0,71.2,34.1,16.6,2.1,0.197,65.8,1,MODERATE
Arunachal Pradesh,36.9,315.6,847.9,1252.0,82.0,47.0,22.4,1.78,0.216,65.2,1,MODERATE
Arunachal Pradesh,55.1,221.5,386.5,1929.0,63.2,29.4,19.6,1.78,0.229,60.4,1,MODERATE
Arunachal Pradesh,26.1,188.6,393.0,2169.0,56.9,23.0,42.9,1.73,0.129,51.5,1,MODERATE
Sikkim,50.1,47.2,167.2,1617.0,39.3,10.1,10.4,2.33,0.179,42.7,1,MODERATE
Arunachal Pradesh,28.5,144.5,343.3,2174.0,50.4,14.6,14.6,1.76,0.115,39.7,0,LOW
Meghalaya,39.9,70.7,208.3,641.0,44.5,11.1,4.3,2.19,0.113,35.0,0,LOW
Sikkim,32.4,152.8,287.8,1917.0,54.9,19.7,42.2,2.2,0.157,53.2,1,MODERATE
Arunachal Pradesh,33.3,323.1,717.3,1125.0,69.0,35.5,7.1,1.81,0.209,61.3,1,MODERATE
Meghalaya,22.4,474.3,1249.7,472.0,98.0,67.3,22.9,2.31,0.187,87.7,2,HIGH
Meghalaya,21.3,350.1,630.7,1010.0,73.3,37.0,9.9,2.17,0.198,61.5,1,MODERATE
Meghalaya,39.2,200.5,520.3,508.0,57.5,21.6,12.8,2.33,0.182,55.4,1,MODERATE
Meghalaya,23.1,480.3,1334.7,366.0,98.0,70.2,20.1,2.01,0.234,93.4,2,HIGH
Sikkim,36.4,302.1,626.6,1211.0,72.9,35.2,37.4,2.5,0.213,68.5,1,MODERATE
Sikkim,31.3,196.2,569.7,1604.0,62.7,25.2,56.4,2.24,0.124,60.4,1,MODERATE
Meghalaya,17.9,131.9,337.2,940.0,41.8,9.0,20.2,2.21,0.114,33.6,0,LOW
Meghalaya,41.6,101.6,192.2,769.0,50.8,14.3,4.6,2.01,0.189,39.7,0,LOW
Meghalaya,23.6,537.3,1045.2,705.0,98.0,72.8,38.4,2.06,0.239,90.5,2,HIGH
Sikkim,49.2,170.6,428.1,1346.0,57.6,25.6,54.3,2.32,0.245,66.3,1,MODERATE
Arunachal Pradesh,39.1,135.6,366.4,805.0,51.1,18.4,48.6,1.92,0.144,52.7,1,MODERATE
Arunachal Pradesh,51.1,234.9,511.4,1063.0,66.2,30.1,35.8,1.96,0.241,64.1,1,MODERATE
Meghalaya,36.2,470.2,749.3,744.0,96.1,68.6,17.3,2.19,0.246,91.6,2,HIGH
Arunachal Pradesh,34.8,257.3,721.5,2871.0,75.6,46.4,31.5,1.73,0.197,61.3,1,MODERATE
Arunachal Pradesh,51.4,330.0,601.2,3174.0,78.8,46.6,70.6,1.82,0.266,91.7,2,HIGH
Arunachal Pradesh,34.8,15.4,52.7,2186.0,37.3,13.8,5.9,1.99,0.135,27.1,0,LOW
Arunachal Pradesh,29.2,61.1,229.8,1582.0,32.1,6.1,52.4,1.96,0.093,38.4,0,LOW
Sikkim,30.0,307.7,612.3,1223.0,77.7,43.5,57.8,2.43,0.18,76.7,2,HIGH
Meghalaya,28.4,373.1,1064.7,807.0,82.5,48.9,5.7,2.33,0.214,69.2,1,MODERATE
Arunachal Pradesh,53.8,378.4,905.3,1181.0,81.9,43.5,54.5,1.83,0.287,85.0,2,HIGH
Sikkim,47.3,76.6,196.7,2647.0,41.9,10.5,43.0,2.51,0.162,47.2,1,MODERATE
Meghalaya,44.7,124.0,272.9,440.0,58.0,20.7,26.9,2.03,0.197,61.4,1,MODERATE
Arunachal Pradesh,26.6,122.9,379.2,1015.0,55.5,15.7,39.6,1.76,0.128,47.6,1,MODERATE
Arunachal Pradesh,54.5,42.2,192.6,2301.0,34.7,10.8,54.9,1.91,0.177,53.7,1,MODERATE
Meghalaya,41.8,392.1,788.2,815.0,83.8,55.6,38.1,2.1,0.26,79.9,2,HIGH
Sikkim,39.0,348.2,730.3,1499.0,79.2,42.8,13.5,2.25,0.24,70.9,2,HIGH
Arunachal Pradesh,37.8,255.8,571.8,384.0,68.3,32.8,13.0,1.89,0.229,65.2,1,MODERATE
Arunachal Pradesh,53.6,123.5,258.4,314.0,53.5,21.6,16.4,1.72,0.18,50.5,1,MODERATE
Meghalaya,23.9,176.6,435.8,1071.0,54.9,19.2,42.4,2.22,0.132,55.9,1,MODERATE
Meghalaya,17.8,518.0,1323.8,1377.0,98.0,69.2,31.0,2.33,0.223,95.3,2,HIGH
Meghalaya,26.3,543.5,1046.3,1084.0,98.0,76.0,21.4,2.4,0.275,91.4,2,HIGH
Sikkim,55.5,63.6,191.2,1438.0,47.8,12.3,27.8,2.22,0.197,53.0,1,MODERATE
Arunachal Pradesh,32.1,176.5,326.5,2679.0,47.2,17.6,47.4,1.92,0.168,58.3,1,MODERATE
Meghalaya,30.6,27.7,119.1,514.0,33.9,6.8,24.0,2.01,0.114,35.3,0,LOW
Meghalaya,41.7,297.4,567.4,404.0,66.4,29.8,18.1,2.15,0.221,63.4,1,MODERATE
Meghalaya,48.3,488.3,892.2,917.0,98.0,80.0,55.4,2.1,0.316,99.0,2,HIGH
Meghalaya,37.6,44.2,189.3,686.0,31.1,6.1,18.5,2.4,0.135,38.8,0,LOW
Arunachal Pradesh,55.6,48.3,144.0,710.0,36.8,7.1,45.6,1.87,0.194,57.7,1,MODERATE
Arunachal Pradesh,57.6,30.1,131.5,3089.0,35.2,5.0,14.0,1.72,0.149,42.4,1,MODERATE
Arunachal Pradesh,43.0,188.4,522.2,1042.0,63.3,25.5,65.7,2.05,0.181,70.8,2,HIGH
Meghalaya,37.1,412.0,941.2,553.0,87.0,57.7,35.7,2.15,0.235,86.2,2,HIGH
Meghalaya,39.2,94.2,235.1,824.0,44.5,12.7,8.2,2.27,0.129,40.8,1,MODERATE
Sikkim,54.7,373.0,1075.4,1575.0,92.6,59.9,43.6,2.34,0.311,99.0,2,HIGH
Meghalaya,22.0,187.0,335.4,1376.0,54.9,15.0,4.0,2.28,0.161,39.8,0,LOW
Meghalaya,42.9,409.6,967.4,473.0,87.4,51.1,41.2,2.12,0.264,87.4,2,HIGH
Arunachal Pradesh,28.0,131.3,222.1,1922.0,44.2,16.6,11.6,1.8,0.107,41.2,1,MODERATE
Meghalaya,45.2,325.9,914.3,1353.0,85.8,52.2,56.4,2.07,0.225,81.9,2,HIGH
Sikkim,40.0,200.0,497.7,1321.0,57.9,23.8,60.6,2.49,0.182,68.7,1,MODERATE
Meghalaya,43.4,27.3,120.0,1338.0,44.0,7.9,32.5,2.27,0.118,47.9,1,MODERATE
Sikkim,31.3,120.1,347.0,1597.0,56.6,21.5,20.4,2.5,0.123,51.8,1,MODERATE
Sikkim,46.1,343.5,558.1,1873.0,74.4,36.4,18.2,2.59,0.288,72.1,2,HIGH
Sikkim,43.1,151.8,358.4,2541.0,50.1,12.1,22.0,2.28,0.181,52.7,1,MODERATE
Sikkim,49.5,379.8,1004.5,2921.0,80.8,43.5,22.6,2.24,0.254,76.3,2,HIGH
Sikkim,52.8,148.0,455.0,2576.0,54.9,17.6,71.0,2.33,0.246,71.4,2,HIGH
Arunachal Pradesh,33.0,126.7,211.1,215.0,43.8,11.9,41.2,1.79,0.164,45.2,1,MODERATE
Sikkim,33.4,305.0,801.2,1654.0,75.3,40.4,10.8,2.49,0.229,65.3,1,MODERATE
Sikkim,34.4,356.2,795.7,2497.0,91.1,61.8,32.0,2.53,0.235,85.3,2,HIGH
Arunachal Pradesh,47.1,269.4,585.6,2376.0,67.5,28.8,57.6,2.08,0.249,81.0,2,HIGH
Sikkim,36.5,397.4,786.6,1908.0,87.2,55.6,27.2,2.34,0.249,89.3,2,HIGH
Meghalaya,16.2,84.6,182.1,816.0,31.6,5.0,42.0,2.21,0.04,33.5,0,LOW
Arunachal Pradesh,31.5,314.4,765.0,1574.0,79.5,42.8,32.2,1.83,0.219,67.5,1,MODERATE
Sikkim,31.4,109.7,243.2,1200.0,42.9,13.2,14.3,2.23,0.142,41.7,1,MODERATE
Meghalaya,39.7,183.1,333.5,1267.0,51.2,19.6,36.5,2.37,0.175,57.3,1,MODERATE
Arunachal Pradesh,31.3,29.2,123.1,1224.0,42.7,9.7,32.0,2.04,0.104,43.4,1,MODERATE
Sikkim,51.0,155.1,368.8,2609.0,51.6,20.3,52.9,2.31,0.222,66.1,1,MODERATE
Sikkim,40.5,121.6,343.1,2690.0,45.4,10.9,11.5,2.27,0.126,46.6,1,MODERATE
Sikkim,39.4,201.1,623.2,2527.0,66.4,30.8,25.6,2.48,0.204,63.4,1,MODERATE
Arunachal Pradesh,48.7,118.5,231.5,2483.0,53.3,18.3,12.4,1.88,0.152,48.0,1,MODERATE
Meghalaya,44.3,286.3,472.8,1575.0,68.9,40.6,59.8,2.3,0.269,75.4,2,HIGH
Arunachal Pradesh,30.5,128.3,335.7,2418.0,45.2,14.3,34.0,1.73,0.114,38.1,0,LOW
Sikkim,54.7,111.9,275.3,2522.0,49.6,17.4,14.0,2.48,0.22,54.4,1,MODERATE
Sikkim,46.1,216.3,511.4,2331.0,58.3,29.2,50.3,2.53,0.217,71.6,2,HIGH
Meghalaya,26.7,186.3,461.4,493.0,62.4,27.7,19.6,2.05,0.137,47.2,1,MODERATE
Arunachal Pradesh,43.6,355.5,836.5,2478.0,78.1,45.4,41.1,1.85,0.196,79.6,2,HIGH
Meghalaya,38.9,33.4,111.2,372.0,29.8,7.0,19.8,2.03,0.119,33.2,0,LOW
Meghalaya,23.1,469.9,946.5,1356.0,92.8,62.6,28.2,2.23,0.215,89.3,2,HIGH
Meghalaya,34.4,303.3,529.3,1491.0,66.9,26.6,37.0,2.14,0.226,68.3,1,MODERATE
Meghalaya,26.0,284.6,555.8,413.0,77.5,42.4,14.0,2.25,0.171,62.2,1,MODERATE
Meghalaya,46.8,321.5,860.1,744.0,82.9,49.0,34.0,2.38,0.272,82.7,2,HIGH
Meghalaya,41.1,256.4,380.5,804.0,59.8,31.4,30.5,2.19,0.185,66.8,1,MODERATE
Arunachal Pradesh,31.7,121.5,341.3,848.0,48.1,16.7,30.2,2.06,0.177,47.7,1,MODERATE
Arunachal Pradesh,39.7,60.1,111.5,318.0,42.1,12.6,34.2,1.76,0.153,48.7,1,MODERATE
Arunachal Pradesh,53.2,167.7,383.0,1747.0,48.9,15.5,10.7,2.04,0.178,56.8,1,MODERATE
Sikkim,44.4,257.7,505.1,1352.0,71.4,32.5,38.0,2.5,0.21,72.9,2,HIGH
Sikkim,35.1,112.6,196.7,2208.0,47.0,16.9,30.6,2.58,0.152,51.0,1,MODERATE
Sikkim,36.7,50.6,140.8,1745.0,47.6,18.4,39.2,2.27,0.158,42.3,1,MODERATE
Arunachal Pradesh,49.0,351.8,919.2,776.0,86.9,59.7,48.3,1.91,0.265,86.4,2,HIGH
Meghalaya,28.5,288.5,812.2,1347.0,72.9,40.0,15.2,2.29,0.19,62.1,1,MODERATE
Arunachal Pradesh,36.1,351.0,546.0,2422.0,73.3,37.8,56.5,1.91,0.2,79.4,2,HIGH
Meghalaya,30.0,59.7,161.1,612.0,39.1,5.3,37.4,2.02,0.095,40.5,1,MODERATE
Arunachal Pradesh,38.3,170.1,389.7,1843.0,53.7,16.5,37.7,2.04,0.198,51.3,1,MODERATE
Arunachal Pradesh,35.4,53.9,120.1,2500.0,38.9,12.4,42.1,1.81,0.112,50.1,1,MODERATE
Sikkim,35.2,133.4,235.2,1954.0,43.3,12.4,11.3,2.33,0.154,38.9,0,LOW
Arunachal Pradesh,42.0,51.3,150.5,1331.0,35.0,8.0,41.2,2.07,0.122,45.9,1,MODERATE
Arunachal Pradesh,50.3,163.3,485.3,2898.0,51.4,18.3,29.0,2.06,0.215,61.9,1,MODERATE
Sikkim,46.3,90.4,198.4,2452.0,36.4,7.2,31.0,2.54,0.174,52.0,1,MODERATE
Arunachal Pradesh,26.1,177.7,524.0,460.0,60.8,25.4,25.6,2.03,0.123,54.6,1,MODERATE
Arunachal Pradesh,39.1,244.4,469.7,2971.0,60.9,22.0,26.2,1.8,0.179,52.3,1,MODERATE
Arunachal Pradesh,51.5,173.6,477.0,3043.0,53.5,15.7,55.2,1.94,0.239,64.3,1,MODERATE
Arunachal Pradesh,55.5,99.1,214.7,2191.0,45.0,16.1,40.7,1.71,0.214,53.1,1,MODERATE
Meghalaya,24.9,330.2,656.2,470.0,76.3,45.7,36.5,2.12,0.215,69.4,1,MODERATE
Meghalaya,40.1,328.5,897.3,894.0,70.2,32.9,60.5,2.03,0.229,82.3,2,HIGH
Meghalaya,18.9,36.1,158.5,587.0,34.2,9.9,20.5,2.2,0.088,33.7,0,LOW
Meghalaya,21.7,88.4,225.2,913.0,40.7,8.9,17.3,2.38,0.077,35.7,0,LOW
Meghalaya,30.8,155.0,352.8,978.0,57.5,24.1,5.6,2.02,0.162,43.9,1,MODERATE
Sikkim,30.7,335.6,538.1,2808.0,80.1,38.8,32.8,2.36,0.231,66.7,1,MODERATE
Sikkim,31.5,393.1,626.4,2803.0,81.8,43.1,24.9,2.58,0.241,79.6,2,HIGH
Meghalaya,16.9,326.6,515.9,871.0,66.8,31.1,16.6,2.03,0.168,57.7,1,MODERATE
Meghalaya,27.2,440.9,1078.9,1184.0,98.0,75.5,45.3,2.32,0.235,92.3,2,HIGH
Sikkim,49.1,418.2,801.5,2160.0,83.3,49.2,74.9,2.4,0.255,99.0,2,HIGH
Sikkim,32.7,145.2,278.5,1440.0,51.4,18.4,8.7,2.56,0.149,46.0,1,MODERATE
Sikkim,45.0,163.4,440.7,1604.0,47.7,14.8,21.9,2.4,0.197,54.6,1,MODERATE
Sikkim,48.4,285.2,774.7,2010.0,73.9,40.2,34.9,2.3,0.269,77.7,2,HIGH
Sikkim,45.6,244.6,576.8,2707.0,68.4,31.6,23.6,2.31,0.209,64.5,1,MODERATE
Sikkim,31.3,180.7,374.4,2084.0,51.5,15.6,24.1,2.59,0.132,44.8,1,MODERATE
Arunachal Pradesh,46.2,302.0,604.3,2750.0,72.0,29.2,16.8,2.09,0.222,62.2,1,MODERATE
Sikkim,30.8,359.1,759.4,1441.0,78.6,40.8,40.3,2.42,0.209,73.5,2,HIGH
Meghalaya,24.5,423.0,1030.5,962.0,91.1,64.1,22.4,2.12,0.204,87.2,2,HIGH
Meghalaya,42.2,474.9,1261.8,1193.0,98.0,71.2,39.4,2.16,0.308,93.2,2,HIGH
Sikkim,33.6,366.3,1010.1,2838.0,86.1,51.2,35.6,2.38,0.2,90.8,2,HIGH
Sikkim,42.3,160.2,426.4,2225.0,55.3,27.2,18.7,2.4,0.16,53.0,1,MODERATE
Meghalaya,16.8,256.5,588.8,892.0,65.0,26.5,30.6,2.12,0.153,57.2,1,MODERATE
Sikkim,46.7,355.4,840.0,2025.0,79.6,45.5,47.3,2.37,0.263,78.5,2,HIGH
Arunachal Pradesh,39.3,379.7,665.8,1955.0,94.1,61.2,40.3,1.81,0.242,85.5,2,HIGH
Meghalaya,17.6,79.6,144.9,476.0,38.2,5.0,45.4,2.24,0.101,42.5,1,MODERATE
Sikkim,44.9,393.6,1045.9,1986.0,94.8,66.2,52.9,2.6,0.229,90.5,2,HIGH
Sikkim,47.7,372.9,838.3,1659.0,86.6,57.1,46.4,2.24,0.266,93.9,2,HIGH
Meghalaya,29.9,268.6,780.0,705.0,68.3,32.5,46.7,2.14,0.141,64.7,1,MODERATE
Meghalaya,41.2,390.8,729.0,746.0,81.1,48.2,9.4,2.29,0.275,75.3,2,HIGH
Sikkim,51.4,125.4,318.3,2779.0,49.8,11.5,18.0,2.24,0.186,56.6,1,MODERATE
Meghalaya,33.4,328.7,837.7,1246.0,77.8,44.0,20.5,2.38,0.194,68.6,1,MODERATE
Arunachal Pradesh,26.6,224.1,603.6,1249.0,57.5,24.2,6.4,1.99,0.185,54.3,1,MODERATE
Sikkim,47.9,378.3,924.6,2449.0,89.7,56.7,46.2,2.41,0.24,91.2,2,HIGH
Arunachal Pradesh,45.4,300.2,784.3,369.0,77.3,44.0,33.5,1.83,0.21,73.4,2,HIGH
Arunachal Pradesh,50.6,94.5,227.8,1651.0,46.5,11.6,18.4,2.06,0.14,51.2,1,MODERATE
Meghalaya,41.4,184.0,411.4,1579.0,52.3,14.9,30.6,2.1,0.181,57.2,1,MODERATE
Arunachal Pradesh,31.5,360.8,661.9,869.0,87.3,57.0,15.1,1.91,0.203,93.8,2,HIGH
Meghalaya,35.1,292.8,637.9,851.0,78.5,43.0,40.6,2.22,0.202,71.3,2,HIGH
Arunachal Pradesh,36.7,254.4,604.9,2248.0,61.5,28.0,7.1,1.88,0.2,58.0,1,MODERATE
Meghalaya,29.9,201.1,343.7,907.0,53.0,20.7,8.1,2.35,0.144,45.9,1,MODERATE
Sikkim,53.7,179.3,449.4,1988.0,60.7,22.7,73.9,2.27,0.221,77.5,2,HIGH
Meghalaya,31.6,484.1,872.0,511.0,91.0,57.7,38.4,2.27,0.253,85.1,2,HIGH
Sikkim,36.1,284.4,611.2,1393.0,73.6,36.5,60.0,2.28,0.222,71.8,2,HIGH
Meghalaya,17.9,428.1,1056.2,748.0,93.2,63.9,26.0,2.09,0.195,87.1,2,HIGH
Meghalaya,27.0,540.1,1271.5,517.0,98.0,71.2,4.6,2.05,0.282,85.0,2,HIGH
Arunachal Pradesh,35.1,191.3,337.6,3151.0,61.3,23.4,31.5,1.75,0.138,56.4,1,MODERATE
Sikkim,42.3,348.3,764.0,2272.0,78.9,47.3,52.6,2.37,0.227,81.4,2,HIGH
Sikkim,34.5,272.6,795.3,1546.0,75.7,44.3,25.9,2.21,0.204,66.8,1,MODERATE
Arunachal Pradesh,39.4,206.7,409.7,2439.0,54.3,18.3,23.6,1.88,0.19,51.8,1,MODERATE
Meghalaya,24.0,479.5,1162.0,934.0,98.0,68.1,18.5,2.4,0.2,90.8,2,HIGH
Meghalaya,45.4,499.4,751.2,1235.0,93.3,65.0,20.3,2.33,0.278,95.2,2,HIGH
Arunachal Pradesh,42.9,62.2,136.8,2069.0,44.8,12.0,16.7,1.77,0.162,40.1,1,MODERATE
Sikkim,54.2,78.8,164.5,2739.0,46.5,9.6,45.2,2.37,0.191,57.5,1,MODERATE
Sikkim,40.7,69.2,157.9,1932.0,40.7,5.9,59.8,2.52,0.153,58.1,1,MODERATE
Sikkim,40.7,121.4,244.8,2938.0,41.9,7.3,8.4,2.47,0.156,45.7,1,MODERATE
Sikkim,46.9,319.4,479.7,2340.0,73.3,40.3,21.5,2.54,0.245,70.8,2,HIGH
Meghalaya,38.5,385.3,748.6,1358.0,84.5,47.3,46.5,2.06,0.205,85.7,2,HIGH
Sikkim,45.0,281.6,478.2,1280.0,71.0,35.7,58.3,2.21,0.186,84.8,2,HIGH
Sikkim,51.3,290.3,521.0,1578.0,73.7,36.7,52.1,2.29,0.23,81.1,2,HIGH
Sikkim,43.5,58.4,160.8,2647.0,26.4,5.0,47.2,2.25,0.188,55.1,1,MODERATE
Arunachal Pradesh,33.6,123.4,250.2,2953.0,46.8,14.4,28.7,1.74,0.146,44.2,1,MODERATE
Sikkim,53.5,301.7,492.4,1776.0,73.4,39.9,38.5,2.22,0.246,72.4,2,HIGH
Arunachal Pradesh,48.1,292.0,497.5,2644.0,69.7,36.1,67.3,1.86,0.237,84.4,2,HIGH
Meghalaya,43.2,199.5,343.5,1064.0,57.6,23.1,44.2,2.36,0.207,73.3,2,HIGH
Meghalaya,18.7,146.6,431.4,520.0,45.0,11.8,3.6,2.13,0.159,42.1,1,MODERATE
Sikkim,41.6,406.6,812.0,1638.0,93.2,63.5,32.9,2.21,0.288,88.1,2,HIGH
Meghalaya,48.1,506.1,1164.2,1364.0,98.0,73.4,50.3,2.08,0.289,98.3,2,HIGH
Arunachal Pradesh,31.5,359.5,1031.0,2970.0,78.2,44.6,42.2,1.96,0.211,74.9,2,HIGH
Meghalaya,18.9,223.2,644.6,1084.0,61.9,27.1,29.1,2.27,0.147,52.2,1,MODERATE
Sikkim,32.0,37.0,95.9,2880.0,40.2,11.7,32.3,2.34,0.101,42.3,1,MODERATE
Arunachal Pradesh,25.9,162.3,475.3,2218.0,57.2,19.5,31.8,1.97,0.152,46.1,1,MODERATE
Sikkim,33.5,356.1,606.7,1648.0,72.8,35.2,33.4,2.36,0.212,73.6,2,HIGH
Sikkim,34.1,375.4,602.5,2229.0,85.2,50.0,34.4,2.4,0.225,86.9,2,HIGH
Arunachal Pradesh,36.9,47.8,100.6,503.0,37.0,11.3,18.9,2.01,0.128,40.3,1,MODERATE
Arunachal Pradesh,38.3,33.7,89.2,1403.0,39.9,7.9,47.6,1.76,0.099,37.8,0,LOW
Meghalaya,42.3,211.7,483.4,793.0,60.7,18.4,29.7,2.2,0.203,60.2,1,MODERATE
Sikkim,46.7,283.8,814.3,2856.0,73.8,35.8,61.3,2.44,0.24,79.9,2,HIGH
Arunachal Pradesh,27.8,184.3,336.5,254.0,59.7,17.5,37.8,1.97,0.142,54.6,1,MODERATE
Arunachal Pradesh,40.6,204.7,383.5,2909.0,61.2,24.6,54.9,1.97,0.178,72.1,2,HIGH
Arunachal Pradesh,44.5,253.2,480.7,2731.0,67.0,29.7,49.7,1.99,0.222,66.0,1,MODERATE
Meghalaya,18.6,303.8,492.7,1268.0,74.8,36.0,34.3,2.15,0.169,61.9,1,MODERATE
Arunachal Pradesh,37.6,176.7,376.2,1778.0,53.0,22.0,32.8,1.97,0.154,51.0,1,MODERATE
Meghalaya,40.3,325.9,763.9,1104.0,89.4,60.4,24.6,2.08,0.227,77.6,2,HIGH
Arunachal Pradesh,26.7,28.7,116.7,1726.0,38.1,6.5,13.9,1.78,0.061,27.2,0,LOW
Sikkim,46.8,283.9,764.4,1332.0,79.1,47.0,20.1,2.22,0.247,72.3,2,HIGH
Arunachal Pradesh,42.8,182.2,553.4,395.0,52.0,17.1,40.8,1.93,0.167,56.5,1,MODERATE
Sikkim,31.6,387.2,899.2,2291.0,87.2,61.6,45.3,2.43,0.249,94.7,2,HIGH
Sikkim,46.3,247.3,633.0,2217.0,66.0,27.6,61.0,2.6,0.218,71.0,2,HIGH
Sikkim,53.9,201.7,503.2,2250.0,60.2,25.4,40.5,2.37,0.243,66.5,1,MODERATE
Sikkim,39.2,364.1,735.5,1965.0,84.1,50.6,47.6,2.4,0.239,84.8,2,HIGH
Sikkim,38.7,258.8,460.8,1897.0,65.2,33.8,17.4,2.49,0.202,57.6,1,MODERATE
Meghalaya,42.1,317.9,709.2,464.0,68.7,33.5,17.4,2.01,0.25,75.2,2,HIGH
Sikkim,46.2,198.1,409.5,1289.0,68.1,32.1,25.6,2.29,0.216,64.8,1,MODERATE
Sikkim,37.0,346.5,559.6,1327.0,80.6,48.2,41.7,2.59,0.236,81.1,2,HIGH
Meghalaya,36.8,306.2,811.1,1119.0,71.2,30.3,46.6,2.04,0.213,65.5,1,MODERATE
Sikkim,41.0,308.7,724.1,1939.0,73.5,35.3,17.2,2.51,0.22,69.6,1,MODERATE
Sikkim,51.0,330.9,957.0,2430.0,82.3,50.2,42.5,2.54,0.249,83.5,2,HIGH
Sikkim,42.3,404.3,1022.3,2514.0,88.5,57.8,42.9,2.29,0.254,86.6,2,HIGH
Meghalaya,23.8,374.7,1032.8,1089.0,88.8,56.1,46.5,2.11,0.187,90.7,2,HIGH
Sikkim,36.3,320.0,816.3,2071.0,73.3,35.3,9.3,2.31,0.23,64.1,1,MODERATE
Meghalaya,26.3,117.4,280.1,763.0,49.3,21.2,19.8,2.17,0.122,42.6,1,MODERATE
Arunachal Pradesh,30.6,247.4,751.9,380.0,71.2,34.9,31.7,1.96,0.121,60.5,1,MODERATE
Meghalaya,31.5,46.0,142.1,890.0,33.6,5.0,41.3,2.3,0.102,40.1,1,MODERATE
Meghalaya,46.6,256.6,633.1,576.0,57.4,28.3,29.5,2.36,0.209,69.0,1,MODERATE
Sikkim,49.9,126.6,200.9,2511.0,44.9,9.3,34.1,2.49,0.182,53.3,1,MODERATE
Arunachal Pradesh,50.7,295.0,844.8,413.0,80.1,43.7,43.9,1.92,0.244,75.6,2,HIGH
Sikkim,45.3,63.3,191.4,2629.0,43.7,12.1,21.9,2.36,0.171,48.0,1,MODERATE
Sikkim,35.1,200.8,436.1,2254.0,53.9,19.5,11.4,2.49,0.135,55.1,1,MODERATE
Sikkim,39.0,321.1,914.2,1798.0,76.4,42.9,14.8,2.34,0.212,71.9,2,HIGH
Sikkim,44.9,266.9,640.4,1278.0,71.3,34.5,52.4,2.41,0.173,78.3,2,HIGH
Arunachal Pradesh,36.6,213.4,385.8,853.0,63.4,29.3,34.8,2.0,0.158,64.5,1,MODERATE
Arunachal Pradesh,37.6,126.2,191.3,882.0,51.1,16.3,47.3,1.81,0.14,49.9,1,MODERATE
Meghalaya,18.4,143.0,409.8,1414.0,48.6,14.8,22.1,2.09,0.133,38.0,0,LOW
Meghalaya,46.1,415.2,652.0,1323.0,85.6,52.2,52.6,2.0,0.273,89.2,2,HIGH
Meghalaya,34.7,520.2,757.7,1520.0,98.0,72.4,23.9,2.4,0.27,95.9,2,HIGH
Meghalaya,40.4,80.5,222.3,526.0,39.3,9.4,29.5,2.24,0.192,52.0,1,MODERATE
Meghalaya,45.8,194.0,373.1,1127.0,55.9,17.3,15.2,2.29,0.204,56.5,1,MODERATE
Arunachal Pradesh,29.6,170.5,422.5,1023.0,60.6,23.4,54.9,2.04,0.111,62.8,1,MODERATE
Arunachal Pradesh,35.0,160.4,338.5,1057.0,52.5,18.5,10.2,1.91,0.157,40.2,1,MODERATE
Sikkim,50.5,349.1,1024.5,2217.0,84.4,50.4,61.6,2.22,0.277,90.5,2,HIGH
Sikkim,48.5,218.1,542.4,2938.0,64.6,27.0,26.0,2.47,0.228,65.4,1,MODERATE
Meghalaya,28.6,191.3,553.7,807.0,60.6,22.8,15.3,2.23,0.187,52.8,1,MODERATE
Arunachal Pradesh,27.8,346.9,618.9,1547.0,74.7,39.9,17.0,2.07,0.207,65.5,1,MODERATE
Meghalaya,18.8,289.3,782.4,1118.0,68.4,30.8,42.2,2.33,0.149,60.6,1,MODERATE
Sikkim,40.2,100.1,298.1,2106.0,46.3,11.6,25.7,2.54,0.127,47.9,1,MODERATE
Arunachal Pradesh,50.4,111.9,301.4,1165.0,49.6,15.9,54.4,1.78,0.164,56.8,1,MODERATE
Arunachal Pradesh,46.8,201.4,484.9,2468.0,55.4,20.3,26.5,1.91,0.244,58.2,1,MODERATE
Sikkim,49.8,328.5,652.8,2642.0,79.1,44.0,17.4,2.57,0.229,82.2,2,HIGH
Sikkim,43.8,68.6,244.6,1510.0,49.3,17.7,27.9,2.31,0.166,50.6,1,MODERATE
Arunachal Pradesh,28.1,170.9,346.4,1626.0,58.4,20.7,31.4,1.82,0.153,50.5,1,MODERATE
Meghalaya,15.2,58.4,177.2,491.0,36.4,10.4,43.8,2.04,0.097,35.6,0,LOW
Arunachal Pradesh,42.8,262.2,702.0,1794.0,71.5,35.5,47.9,1.75,0.206,73.7,2,HIGH
Arunachal Pradesh,38.7,56.0,134.8,2128.0,36.3,10.4,13.9,1.85,0.117,35.0,0,LOW
Sikkim,35.0,239.3,716.6,2717.0,64.5,23.4,32.5,2.26,0.172,58.7,1,MODERATE
Arunachal Pradesh,30.3,342.1,714.6,2317.0,76.2,43.2,40.1,1.86,0.239,67.9,1,MODERATE
Meghalaya,27.1,463.0,771.2,623.0,98.0,74.1,3.0,2.01,0.237,85.0,2,HIGH
Meghalaya,25.8,475.1,1169.3,399.0,98.0,76.1,2.1,2.0,0.231,85.0,2,HIGH
Arunachal Pradesh,44.4,177.7,485.3,1546.0,65.0,30.4,56.7,1.96,0.219,64.4,1,MODERATE
Meghalaya,42.8,91.8,254.1,693.0,36.9,7.6,23.3,2.36,0.201,40.5,1,MODERATE
Arunachal Pradesh,55.1,359.3,822.1,2536.0,82.9,46.7,18.3,1.76,0.268,73.9,2,HIGH
Sikkim,46.2,59.0,147.0,2233.0,42.1,17.3,46.4,2.33,0.148,58.2,1,MODERATE
Arunachal Pradesh,46.4,21.7,103.6,1130.0,34.8,8.9,11.7,1.84,0.166,37.6,0,LOW
Arunachal Pradesh,46.6,115.5,350.8,3195.0,47.4,8.6,40.2,1.91,0.17,52.2,1,MODERATE
Sikkim,35.0,231.7,685.2,1318.0,68.4,37.8,55.2,2.25,0.205,70.0,1,MODERATE
Arunachal Pradesh,27.7,294.5,484.5,717.0,70.9,35.8,34.4,1.91,0.201,67.9,1,MODERATE
Meghalaya,42.1,160.4,494.5,1280.0,53.9,14.8,45.4,2.04,0.194,56.5,1,MODERATE
Sikkim,38.3,315.1,629.6,1326.0,74.1,42.2,30.8,2.44,0.202,74.0,2,HIGH
Arunachal Pradesh,33.7,103.2,286.4,1335.0,44.1,13.1,30.2,2.1,0.124,47.2,1,MODERATE
Arunachal Pradesh,35.7,373.2,625.0,1656.0,70.1,28.5,14.3,1.76,0.24,64.8,1,MODERATE
Sikkim,42.6,226.9,440.6,2175.0,63.0,25.7,73.8,2.35,0.203,71.5,2,HIGH
Arunachal Pradesh,55.2,122.1,295.5,2481.0,50.4,16.3,52.8,2.05,0.193,63.2,1,MODERATE
Meghalaya,40.0,517.0,1460.3,618.0,98.0,69.5,60.8,2.34,0.289,99.0,2,HIGH
Arunachal Pradesh,42.9,138.6,338.8,2806.0,47.2,20.1,48.4,2.06,0.175,53.9,1,MODERATE
Sikkim,51.5,51.8,154.9,1504.0,35.5,5.0,51.3,2.57,0.139,60.2,1,MODERATE
Meghalaya,16.8,43.3,145.3,633.0,39.2,6.5,2.0,2.32,0.07,17.5,0,LOW
Sikkim,53.3,79.2,144.9,1254.0,41.7,9.3,30.4,2.51,0.181,56.9,1,MODERATE
Meghalaya,32.6,308.8,631.3,1395.0,71.9,36.9,6.9,2.2,0.204,57.2,1,MODERATE
Meghalaya,48.8,444.9,1045.9,786.0,92.5,63.8,28.1,2.19,0.268,89.3,2,HIGH
Meghalaya,25.6,212.2,396.0,351.0,56.4,27.2,45.7,2.1,0.124,66.9,1,MODERATE
Meghalaya,22.3,451.1,1157.0,607.0,97.6,68.5,27.5,2.08,0.252,88.2,2,HIGH
Meghalaya,32.9,161.9,372.8,1219.0,52.7,19.7,3.9,2.2,0.131,45.2,1,MODERATE
Sikkim,55.6,398.9,739.7,2468.0,92.6,56.8,63.4,2.35,0.346,99.0,2,HIGH
Sikkim,47.5,277.0,478.6,1418.0,67.9,29.5,41.6,2.24,0.206,72.0,2,HIGH
Arunachal Pradesh,52.8,226.6,543.4,2885.0,63.0,26.9,49.3,1.77,0.255,77.5,2,HIGH
Meghalaya,17.2,106.1,339.6,625.0,47.5,13.3,28.3,2.16,0.074,36.4,0,LOW
Sikkim,55.2,98.5,260.0,2004.0,47.6,13.0,33.2,2.42,0.173,54.9,1,MODERATE
Arunachal Pradesh,45.3,177.0,350.1,645.0,59.9,32.1,43.9,1.72,0.199,64.0,1,MODERATE
Meghalaya,31.1,122.5,219.2,1466.0,44.1,10.3,14.9,2.05,0.126,41.3,1,MODERATE
Arunachal Pradesh,49.9,363.8,971.5,2482.0,86.0,52.8,31.9,1.88,0.265,88.8,2,HIGH
Sikkim,45.8,187.8,350.2,2063.0,58.8,22.6,27.2,2.35,0.219,59.5,1,MODERATE
Sikkim,51.7,302.3,580.1,1755.0,72.2,35.6,60.4,2.26,0.246,83.3,2,HIGH
Sikkim,38.9,83.9,213.9,1927.0,39.3,14.9,58.0,2.44,0.143,55.0,1,MODERATE
Arunachal Pradesh,47.9,77.1,162.2,2011.0,45.4,13.2,55.5,1.86,0.175,54.8,1,MODERATE
Meghalaya,19.5,315.1,897.7,725.0,80.8,47.4,40.5,2.4,0.198,70.9,2,HIGH
Arunachal Pradesh,32.9,302.2,482.9,1717.0,77.2,43.7,23.8,1.95,0.228,73.9,2,HIGH
Meghalaya,30.0,164.3,386.9,493.0,51.7,8.4,3.7,2.08,0.157,42.9,1,MODERATE
Meghalaya,21.7,52.4,196.1,517.0,41.5,9.3,34.4,2.38,0.126,35.3,0,LOW
Meghalaya,37.1,258.3,475.4,987.0,68.0,34.4,32.5,2.05,0.199,70.9,2,HIGH
Sikkim,53.9,51.5,143.9,1861.0,33.2,7.0,46.8,2.2,0.178,48.2,1,MODERATE
Meghalaya,32.1,354.1,895.8,1236.0,87.2,58.5,24.5,2.15,0.23,91.3,2,HIGH
Arunachal Pradesh,56.2,32.5,163.9,2861.0,34.1,10.6,17.3,1.99,0.153,41.4,1,MODERATE
Arunachal Pradesh,44.1,345.0,694.5,764.0,72.4,40.3,25.3,1.77,0.241,74.6,2,HIGH
Sikkim,31.0,279.0,485.2,2931.0,70.3,31.5,12.8,2.49,0.217,57.4,1,MODERATE
Meghalaya,30.4,497.6,1263.8,1084.0,98.0,72.1,17.0,2.25,0.223,89.3,2,HIGH
Meghalaya,20.8,385.2,840.9,715.0,82.1,49.1,8.8,2.03,0.212,67.4,1,MODERATE
Meghalaya,21.6,78.4,209.9,1405.0,44.7,14.3,15.8,2.13,0.098,34.9,0,LOW
Meghalaya,39.2,481.6,969.0,1030.0,97.8,74.5,25.8,2.23,0.28,93.4,2,HIGH
Sikkim,32.4,329.6,837.9,1751.0,77.5,44.4,38.8,2.57,0.194,81.2,2,HIGH
Arunachal Pradesh,54.6,111.6,284.4,301.0,53.8,20.8,47.2,1.84,0.194,59.1,1,MODERATE
Sikkim,51.9,43.0,108.9,2005.0,37.4,8.5,36.8,2.57,0.161,48.2,1,MODERATE
Sikkim,42.0,344.5,646.2,1893.0,80.9,46.0,49.0,2.49,0.216,84.1,2,HIGH
Meghalaya,19.7,447.1,1281.9,878.0,98.0,71.1,42.9,2.21,0.256,95.5,2,HIGH
Arunachal Pradesh,54.4,86.7,212.0,1375.0,46.5,17.7,38.1,1.81,0.169,52.9,1,MODERATE
Sikkim,38.8,213.3,585.7,2863.0,65.3,26.9,40.8,2.5,0.203,65.4,1,MODERATE
Arunachal Pradesh,26.0,335.9,552.5,1668.0,77.6,42.3,6.3,1.93,0.167,61.0,1,MODERATE
Arunachal Pradesh,46.5,280.4,468.4,694.0,64.8,26.2,13.6,2.09,0.215,62.6,1,MODERATE
Meghalaya,49.7,151.2,388.1,611.0,59.7,20.1,24.1,2.18,0.217,51.6,1,MODERATE
Arunachal Pradesh,56.0,345.7,793.0,1343.0,86.2,52.3,45.1,2.08,0.29,81.0,2,HIGH
Meghalaya,29.2,86.5,232.2,987.0,38.6,11.1,43.7,2.34,0.073,42.4,1,MODERATE
Sikkim,41.4,56.2,182.7,2306.0,38.8,13.2,14.2,2.21,0.164,37.1,0,LOW
Sikkim,51.8,229.8,415.2,1934.0,64.7,29.8,38.1,2.21,0.188,74.6,2,HIGH
Arunachal Pradesh,39.2,374.3,732.1,2529.0,78.9,48.1,37.4,2.05,0.242,77.6,2,HIGH
Arunachal Pradesh,46.4,31.3,88.3,1849.0,32.8,8.1,25.9,1.83,0.125,38.7,0,LOW
Meghalaya,24.6,59.9,186.9,1465.0,39.2,10.2,21.1,2.16,0.123,32.9,0,LOW
Sikkim,50.9,47.2,150.8,2633.0,36.7,5.0,53.8,2.37,0.15,53.9,1,MODERATE
Meghalaya,36.3,427.6,909.1,1137.0,90.1,56.7,46.7,2.02,0.23,91.6,2,HIGH
Arunachal Pradesh,53.5,297.0,553.5,2508.0,64.2,31.3,25.5,1.9,0.217,74.0,2,HIGH
Sikkim,44.6,282.7,498.8,2828.0,71.1,38.7,33.2,2.23,0.246,74.5,2,HIGH
Arunachal Pradesh,42.5,259.3,685.5,316.0,67.4,33.7,22.9,1.94,0.211,62.0,1,MODERATE
Arunachal Pradesh,32.7,45.8,92.1,308.0,35.5,9.7,26.8,1.71,0.134,33.5,0,LOW
Meghalaya,22.4,384.8,697.8,1317.0,81.8,52.6,38.4,2.34,0.18,77.4,2,HIGH
Sikkim,38.2,75.6,159.3,2020.0,44.5,16.0,13.0,2.57,0.102,46.7,1,MODERATE
Meghalaya,18.2,377.2,615.0,1396.0,82.9,42.2,20.5,2.12,0.179,68.7,1,MODERATE
Meghalaya,22.2,152.4,336.4,891.0,48.6,17.4,2.5,2.31,0.095,43.7,1,MODERATE
Meghalaya,18.8,441.0,707.5,1412.0,89.7,58.9,47.1,2.11,0.196,92.5,2,HIGH
Sikkim,42.3,307.3,637.0,2471.0,74.4,41.1,57.9,2.27,0.2,83.9,2,HIGH
Sikkim,46.4,130.3,377.3,2938.0,49.9,15.2,25.3,2.38,0.145,60.3,1,MODERATE
Arunachal Pradesh,48.6,40.2,104.8,1865.0,37.0,13.6,54.3,2.08,0.18,50.1,1,MODERATE
Arunachal Pradesh,28.5,264.3,691.1,2389.0,68.8,36.2,36.1,2.09,0.197,63.4,1,MODERATE
Arunachal Pradesh,31.3,175.9,457.3,3165.0,54.1,19.1,47.5,1.94,0.156,50.3,1,MODERATE
Arunachal Pradesh,45.7,264.9,482.5,254.0,58.1,22.1,53.3,2.03,0.249,72.8,2,HIGH
Sikkim,46.4,76.0,205.9,1200.0,40.0,11.5,48.5,2.44,0.16,55.5,1,MODERATE
Arunachal Pradesh,27.1,159.6,486.6,1064.0,56.3,19.2,39.2,1.85,0.151,49.3,1,MODERATE
Sikkim,39.5,124.2,314.6,2812.0,49.6,14.3,34.0,2.55,0.168,51.2,1,MODERATE
Sikkim,55.0,79.4,201.6,1877.0,39.8,9.4,43.6,2.37,0.194,54.8,1,MODERATE
Arunachal Pradesh,31.6,102.7,312.3,3147.0,44.6,11.8,8.0,2.05,0.12,33.7,0,LOW
Meghalaya,33.3,128.5,273.3,326.0,49.9,13.9,7.5,2.09,0.171,39.6,0,LOW
Meghalaya,25.1,325.9,509.7,830.0,72.8,39.1,32.5,2.1,0.174,64.3,1,MODERATE
Sikkim,49.8,36.2,115.5,2112.0,28.4,6.5,23.3,2.49,0.152,45.2,1,MODERATE
Sikkim,36.5,163.3,317.8,2956.0,51.0,21.5,8.2,2.33,0.125,49.0,1,MODERATE
Arunachal Pradesh,39.6,107.4,304.3,347.0,51.4,19.9,29.0,1.97,0.183,45.1,1,MODERATE
Sikkim,53.7,341.1,996.2,1219.0,77.4,48.0,61.0,2.59,0.293,93.6,2,HIGH
Arunachal Pradesh,31.1,291.8,484.7,242.0,64.5,32.8,37.4,1.98,0.18,63.3,1,MODERATE
Sikkim,33.5,375.4,888.3,1261.0,85.9,50.6,17.3,2.29,0.24,85.5,2,HIGH
Meghalaya,15.6,59.5,203.7,1201.0,41.9,12.5,30.4,2.26,0.065,37.6,0,LOW
Arunachal Pradesh,32.1,29.7,72.5,1213.0,35.5,5.0,30.3,1.81,0.112,33.7,0,LOW
Arunachal Pradesh,55.7,154.2,254.9,378.0,53.0,12.5,42.7,1.78,0.235,64.7,1,MODERATE
Meghalaya,45.2,266.2,703.5,1344.0,75.5,39.4,40.5,2.19,0.251,73.1,2,HIGH
Sikkim,34.3,78.7,124.0,2784.0,42.6,11.3,51.4,2.4,0.145,52.4,1,MODERATE
Sikkim,37.3,237.0,370.1,2663.0,60.2,23.0,31.6,2.41,0.186,67.7,1,MODERATE
Meghalaya,36.6,79.9,170.0,816.0,43.4,16.6,19.9,2.07,0.146,37.1,0,LOW
Sikkim,43.4,96.6,294.5,1664.0,46.8,14.1,25.3,2.44,0.165,47.3,1,MODERATE
Arunachal Pradesh,57.0,287.4,487.5,1933.0,63.6,25.1,57.6,1.83,0.262,79.1,2,HIGH
Arunachal Pradesh,40.0,91.4,155.3,1729.0,38.7,5.0,57.0,1.84,0.129,49.7,1,MODERATE
Sikkim,50.2,252.6,643.1,2229.0,64.1,26.0,15.3,2.32,0.214,63.6,1,MODERATE
Sikkim,48.5,48.0,130.0,1956.0,35.0,5.0,45.8,2.47,0.159,50.6,1,MODERATE
Meghalaya,37.9,240.6,455.6,1035.0,65.9,33.3,7.3,2.28,0.208,57.8,1,MODERATE
Sikkim,46.7,179.0,523.4,2932.0,56.4,22.8,67.7,2.3,0.214,61.1,1,MODERATE
Sikkim,30.4,115.9,249.0,1508.0,48.0,17.0,12.4,2.46,0.142,43.8,1,MODERATE
Arunachal Pradesh,41.2,55.3,142.1,307.0,39.8,8.3,6.0,2.07,0.133,39.3,0,LOW
Arunachal Pradesh,57.8,217.8,388.9,1473.0,55.3,17.5,56.5,1.76,0.253,71.7,2,HIGH
Meghalaya,47.3,488.6,1063.2,363.0,98.0,68.4,32.7,2.14,0.3,93.5,2,HIGH
Meghalaya,29.9,304.8,477.5,1316.0,75.0,44.1,43.8,2.01,0.225,71.4,2,HIGH
